platform,avg_zscore,median_zscore,rows
twitter,4.0816326530610205e-05,-0.118,294
linkedin,1.1194029850750422e-05,-0.212,268
threads,-4.484304932733687e-06,-0.347,223
reddit,-2.0338983050842583e-05,-0.283,295
youtube,-2.7777777777776647e-05,-0.2305,216
instagram,-3.5433070866142094e-05,-0.231,254
tiktok,-0.00011148648648650609,-0.278,296
