platform,rows,avg_engagement,median_engagement,total_engagement,avg_likes,avg_comments,avg_views,avg_text_length
tiktok,296,494937.9324324324,1076.0,146501628,460129.83445945947,2730.074324324324,3944631.597972973,255.28378378378378
instagram,254,6891.255905511811,421.0,1750379,5616.677165354331,1274.5787401574803,65243.33464566929,597.7125984251968
youtube,216,4776.398148148148,534.0,1031702,4776.398148148148,0.0,198537.8148148148,359.9259259259259
reddit,295,1409.8372881355933,569.0,415902,1257.5694915254237,152.26779661016948,0.0,1282.664406779661
twitter,294,1052.6020408163265,17.5,309465,431.63945578231295,32.65986394557823,80902.25510204081,328.38775510204084
threads,223,502.7130044843049,99.0,112105,422.3497757847534,48.53811659192825,0.0,250.03139013452915
linkedin,268,96.78358208955224,11.0,25938,75.55597014925372,16.723880597014926,0.0,785.1716417910447
