platform,avg_sentiment,positive_pct,negative_pct,neutral_pct,count
instagram,0.5232374015748031,79.1,9.8,11.0,254
linkedin,0.48474104477611935,74.6,16.0,9.3,268
youtube,0.39761712962962964,68.1,16.2,15.7,216
twitter,0.32261598639455785,64.6,14.3,21.1,294
reddit,0.32029932203389827,61.0,24.1,14.9,295
threads,0.2614937219730942,62.3,19.7,17.9,223
tiktok,0.21378885135135137,48.6,20.6,30.7,296
